{
  "name": "07_F_NNH_046_Z\u00E1znam_o_pr\u016Fzkumu_trhu_v02.pdf",
  "contentType": "application/pdf",
  "size": 242142,
  "sha256": "386B08A1E32772C9402F544C470DF73331E4B763306464CE2F42737EE572F044",
  "storagePath": "/Users/mira/Projects/KZRP_T2/NCEZ.Simulator/Data/runtime/Binary/TemporaryDocument/AL5VBCkK50yvobtkn-p7Yg",
  "uploaderId": "132456789",
  "tags": [
    "asd"
  ],
  "uploadedAt": "2025-08-21T18:06:40.636074+00:00",
  "id": "AL5VBCkK50yvobtkn-p7Yg",
  "createdAt": "2025-08-21T18:06:40.636178+00:00"
}