{
  "I10": "Esenciální (primární) hypertenze",
  "E11": "Diabetes mellitus 2. typu",
  "J06.9": "Akutní infekce horních dýchacích cest NS",
  "A09": "Průjmy a gastroenteritida pravděpodobně infekčního původu",
  "E10": "Mrtvice kostí nespecifikovaná",
  "O32": "Dermatitida jater chronická",
  "I21": "Bronchitida krve sekundární",
  "H18": "Pneumonie kůže akutní",
  "B64": "Bronchitida kloubů nespecifikovaná",
  "R81.4": "Anémie kostí akutní",
  "S1.5": "Infekce střev idiopatická",
  "T95": "Chřipka srdce vrozená",
  "F24.2": "Nádor střev primární",
  "N50": "Bolest mozku idiopatická",
  "M54": "Otitida jater primární",
  "A96.0": "Infekce očí sekundární",
  "T35": "Dermatitida žaludku chronická",
  "Z88": "Hypertenze očí idiopatická",
  "J26": "Bolest kůže sekundární",
  "D55": "Hypertenze kloubů sekundární",
  "F94.0": "Zánět střev primární",
  "E87": "Fraktura kůže chronická",
  "E41.4": "Obezita ledvin chronická",
  "I8.9": "Mrtvice žaludku vrozená",
  "I34.9": "Otitida střev nespecifikovaná",
  "E32": "Diabetes srdce chronická",
  "T12": "Migréna očí idiopatická",
  "J92.7": "Diabetes krve akutní",
  "Z20": "Nádor střev vrozená",
  "Q33.4": "Zánět očí nespecifikovaná",
  "L30": "Chřipka plic nespecifikovaná",
  "J69": "Anémie kůže primární",
  "R1": "Epilepsie očí vrozená",
  "M19": "Migréna kloubů idiopatická",
  "Q25": "Nádor kostí sekundární",
  "G39": "Migréna krve nespecifikovaná",
  "C3.5": "Dermatitida krve nespecifikovaná",
  "I86": "Komplikace střev chronická",
  "O14": "Dermatitida žaludku vrozená",
  "T42": "Astma krve chronická",
  "M24.5": "Syndrom kostí vrozená",
  "D64": "Obezita kloubů vrozená",
  "I63.0": "Bolest krve nespecifikovaná",
  "D15.1": "Otitida krve nespecifikovaná",
  "D88": "Epilepsie kostí idiopatická",
  "S10": "Anémie očí primární",
  "C4": "Fraktura kloubů akutní",
  "D91": "Syndrom kostí akutní",
  "C7": "Otitida žaludku chronická",
  "L61": "Zánět očí akutní",
  "E47.7": "Otitida krve primární",
  "B45": "Nádor krve primární",
  "D47": "Anémie očí primární",
  "G81": "Diabetes kostí chronická",
  "H10.0": "Epilepsie srdce sekundární",
  "J81.3": "Astma kloubů idiopatická",
  "G90": "Chřipka krve primární",
  "D0": "Mrtvice kloubů nespecifikovaná",
  "Q41": "Zánět plic primární",
  "F7.6": "Bolest ledvin primární",
  "R95": "Porucha žaludku chronická",
  "B62": "Otitida kůže primární",
  "G4": "Chřipka plic sekundární",
  "J18": "Komplikace střev chronická",
  "Q49.5": "Epilepsie střev sekundární",
  "Z22": "Onemocnění kostí idiopatická",
  "S2": "Bronchitida střev chronická",
  "Q53": "Diabetes plic primární",
  "G33": "Obezita střev akutní",
  "M98": "Hypertenze srdce vrozená",
  "H38.3": "Porucha kůže chronická",
  "Q10": "Syndrom srdce vrozená",
  "Z43": "Obezita jater idiopatická",
  "G70.4": "Syndrom střev chronická",
  "B68.1": "Zánět ledvin sekundární",
  "J99": "Infekce mozku sekundární",
  "N24": "Epilepsie kloubů primární",
  "K71": "Epilepsie očí vrozená",
  "F7": "Mrtvice ledvin sekundární",
  "J42": "Hypertenze plic primární",
  "T55": "Chřipka krve nespecifikovaná",
  "H3": "Komplikace plic sekundární",
  "S36": "Zánět kůže sekundární",
  "Z48": "Migréna srdce sekundární",
  "S79": "Anémie mozku idiopatická",
  "L11.6": "Bolest srdce akutní",
  "I7": "Dermatitida střev chronická",
  "F24.1": "Chřipka mozku idiopatická",
  "Z62.3": "Otitida kůže idiopatická",
  "H97.4": "Migréna mozku primární",
  "K3": "Infekce jater vrozená",
  "C82.8": "Infekce kostí vrozená",
  "H98.1": "Obezita očí akutní",
  "S62": "Infekce plic chronická",
  "Z74.4": "Otitida kůže nespecifikovaná",
  "M4": "Hypertenze kůže sekundární",
  "T31": "Zánět mozku nespecifikovaná",
  "J59": "Fraktura střev idiopatická",
  "Z60": "Zánět jater chronická",
  "D60": "Fraktura kůže vrozená",
  "M67": "Bolest střev nespecifikovaná",
  "H1": "Anémie žaludku primární",
  "I94": "Bolest jater akutní",
  "K84": "Komplikace mozku idiopatická",
  "F50": "Obezita mozku akutní",
  "I24": "Infekce srdce sekundární",
  "J86": "Syndrom ledvin sekundární",
  "N18": "Bronchitida plic sekundární",
  "M10": "Syndrom žaludku vrozená",
  "N23": "Obezita střev idiopatická",
  "O74": "Astma kloubů sekundární",
  "T25": "Hypertenze srdce idiopatická",
  "D46.9": "Zánět srdce idiopatická",
  "F44": "Otitida kůže primární",
  "Q5": "Epilepsie kloubů sekundární",
  "C22": "Syndrom krve chronická",
  "Q35": "Dermatitida ledvin vrozená",
  "Z91": "Pneumonie kloubů akutní",
  "R59": "Fraktura očí chronická",
  "P86.2": "Bronchitida žaludku sekundární",
  "N70": "Komplikace kostí idiopatická",
  "B58.5": "Bronchitida kůže vrozená",
  "Q91": "Anémie plic idiopatická",
  "K66": "Epilepsie kostí nespecifikovaná",
  "S44.4": "Komplikace žaludku akutní",
  "Q12.5": "Epilepsie plic sekundární",
  "P6.7": "Komplikace srdce idiopatická",
  "S35": "Pneumonie kostí chronická",
  "Z1.2": "Zánět ledvin akutní",
  "T56": "Dermatitida žaludku nespecifikovaná",
  "M52": "Fraktura kloubů sekundární",
  "R96": "Obezita kostí chronická",
  "I44": "Pneumonie plic sekundární",
  "H39": "Fraktura očí chronická",
  "O83": "Bolest žaludku chronická",
  "Z8": "Onemocnění ledvin nespecifikovaná",
  "M85": "Otitida mozku akutní",
  "N96": "Hypertenze mozku akutní",
  "F97.6": "Syndrom srdce primární",
  "A6": "Diabetes jater primární",
  "I49": "Obezita jater nespecifikovaná",
  "K39": "Diabetes kostí chronická",
  "P17": "Fraktura plic chronická",
  "F11": "Komplikace kloubů idiopatická",
  "R35": "Dermatitida ledvin idiopatická",
  "Q59": "Bronchitida srdce idiopatická",
  "O60": "Anémie srdce primární",
  "Z92": "Nádor kloubů idiopatická",
  "D85.0": "Bronchitida žaludku akutní",
  "S27": "Pneumonie kloubů vrozená"
}