[
  {"code":"kg","display":"kilogram"},
  {"code":"g","display":"gram"},
  {"code":"mg","display":"milligram"},
  {"code":"µg","display":"microgram"},
  {"code":"ng","display":"nanogram"},
  {"code":"pg","display":"picogram"},
  {"code":"t","display":"tonne"},
  {"code":"lb","display":"pound"},
  {"code":"oz","display":"ounce"},
  {"code":"L","display":"liter"},
  {"code":"mL","display":"milliliter"},
  {"code":"µL","display":"microliter"},
  {"code":"nL","display":"nanoliter"},
  {"code":"cm3","display":"cubic centimeter"},
  {"code":"m3","display":"cubic meter"},
  {"code":"mm3","display":"cubic millimeter"},
  {"code":"dm3","display":"cubic decimeter"},
  {"code":"cm","display":"centimeter"},
  {"code":"mm","display":"millimeter"},
  {"code":"m","display":"meter"},
  {"code":"km","display":"kilometer"},
  {"code":"nm","display":"nanometer"},
  {"code":"µm","display":"micrometer"},
  {"code":"pm","display":"picometer"},
  {"code":"s","display":"second"},
  {"code":"min","display":"minute"},
  {"code":"h","display":"hour"},
  {"code":"d","display":"day"},
  {"code":"wk","display":"week"},
  {"code":"mo","display":"month"},
  {"code":"yr","display":"year"},
  {"code":"°C","display":"degree Celsius"},
  {"code":"°F","display":"degree Fahrenheit"},
  {"code":"K","display":"kelvin"},
  {"code":"Pa","display":"pascal"},
  {"code":"kPa","display":"kilopascal"},
  {"code":"MPa","display":"megapascal"},
  {"code":"bar","display":"bar"},
  {"code":"mbar","display":"millibar"},
  {"code":"mmHg","display":"millimeter of mercury"},
  {"code":"atm","display":"atmosphere"},
  {"code":"J","display":"joule"},
  {"code":"kJ","display":"kilojoule"},
  {"code":"cal","display":"calorie"},
  {"code":"kcal","display":"kilocalorie"},
  {"code":"eV","display":"electronvolt"},
  {"code":"Wh","display":"watt hour"},
  {"code":"kWh","display":"kilowatt hour"},
  {"code":"mol","display":"mole"},
  {"code":"mmol","display":"millimole"},
  {"code":"µmol","display":"micromole"},
  {"code":"eq","display":"equivalent"},
  {"code":"U","display":"enzyme unit"},
  {"code":"IU","display":"international unit"},
  {"code":"Gy","display":"gray"},
  {"code":"Sv","display":"sievert"},
  {"code":"kat","display":"katal"},
  {"code":"N","display":"newton"},
  {"code":"kN","display":"kilonewton"},
  {"code":"dyn","display":"dyne"},
  {"code":"W","display":"watt"},
  {"code":"kW","display":"kilowatt"},
  {"code":"MW","display":"megawatt"},
  {"code":"V","display":"volt"},
  {"code":"kV","display":"kilovolt"},
  {"code":"A","display":"ampere"},
  {"code":"mA","display":"milliampere"},
  {"code":"µA","display":"microampere"},
  {"code":"Hz","display":"hertz"},
  {"code":"kHz","display":"kilohertz"},
  {"code":"MHz","display":"megahertz"},
  {"code":"GHz","display":"gigahertz"},
  {"code":"Ω","display":"ohm"},
  {"code":"kΩ","display":"kiloohm"},
  {"code":"MΩ","display":"megaohm"},
  {"code":"S","display":"siemens"},
  {"code":"mS","display":"millisiemens"},
  {"code":"lm","display":"lumen"},
  {"code":"lx","display":"lux"},
  {"code":"cd","display":"candela"},
  {"code":"rad","display":"radian"},
  {"code":"sr","display":"steradian"},
  {"code":"%", "display":"percent"},
  {"code":"‰","display":"per mille"},
  {"code":"bps","display":"bits per second"},
  {"code":"Bps","display":"bytes per second"},
  {"code":"bit","display":"bit"},
  {"code":"B","display":"byte"},
  {"code":"KB","display":"kilobyte"},
  {"code":"MB","display":"megabyte"},
  {"code":"GB","display":"gigabyte"},
  {"code":"TB","display":"terabyte"},
  {"code":"cP","display":"centipoise"},
  {"code":"dB","display":"decibel"},
  {"code":"e","display":"elementary charge"},
  {"code":"Å","display":"ångström"},
  {"code":"F","display":"farad"},
  {"code":"C","display":"coulomb"},
  {"code":"H","display":"henry"},
  {"code":"T","display":"tesla"},
  {"code":"Wb","display":"weber"},
  {"code":"lx","display":"lux"},
  {"code":"Gy","display":"gray"},
  {"code":"Sv","display":"sievert"},
  {"code":"kat","display":"katal"},
  {"code":"mol","display":"mole"},
  {"code":"rad","display":"radian"},
  {"code":"sr","display":"steradian"},
  {"code":"N·m","display":"newton meter"},
  {"code":"J·s","display":"joule second"},
  {"code":"W·m-2","display":"watt per square meter"},
  {"code":"W·m-1·K-1","display":"watt per meter kelvin"},
  {"code":"Pa·s","display":"pascal second"},
  {"code":"m/s","display":"meter per second"},
  {"code":"km/h","display":"kilometer per hour"},
  {"code":"ft/s","display":"foot per second"},
  {"code":"mph","display":"mile per hour"},
  {"code":"g/L","display":"gram per liter"},
  {"code":"mg/mL","display":"milligram per milliliter"},
  {"code":"mol/L","display":"mole per liter"},
  {"code":"mmol/L","display":"millimole per liter"},
  {"code":"µmol/L","display":"micromole per liter"},
  {"code":"IU/L","display":"international unit per liter"},
  {"code":"U/L","display":"enzyme unit per liter"},
  {"code":"mEq/L","display":"milliequivalent per liter"}
]